title,author,series,position,subgenre,spice,fave,rating
A Court of Thorns and Roses,Sarah J. Maas,ACOTAR,1,Romantasy,4,,3.5
A Court of Mist and Fury,Sarah J. Maas,ACOTAR,2,Romantasy,4,,3.5
A Court of Wings and Ruin,Sarah J. Maas,ACOTAR,3,Romantasy,0,,3.5
A Court of Frost and Starlight,Sarah J. Maas,ACOTAR,4,Romantasy,0,,3.0
A Court of Silver Flames,Sarah J. Maas,ACOTAR,5,Romantasy,0,,4.0
Assassins Blade,Sarah J. Maas,,0,Romantasy,0,,3.0
Throne of Glass,Sarah J. Maas,Throne of Glass,1,Romantasy,3,yes,5.0
Crown of Midnight,Sarah J. Maas,Throne of Glass,2,Romantasy,0,,5.0
Heir of Fire,Sarah J. Maas,Throne of Glass,3,Romantasy,0,,4.5
Queen of Shadows,Sarah J. Maas,Throne of Glass,4,Romantasy,0,,4.0
Empire of Storms,Sarah J. Maas,Throne of Glass,5,Romantasy,0,,4.5
Tower of Dawn,Sarah J. Maas,Throne of Glass,6,Romantasy,0,,4.0
Kingdom of Ash,Sarah J. Maas,Throne of Glass,7,Romantasy,0,,5.0
The Never King,Nikki St. Crowe,Vicious Lost Boys,1,Romantasy,0,,4.0
Mile High,Liz Tomforde,,1,Romance,0,,4.0
The Right Move,Liz Tomforde,,2,Romance,0,,3.0
Caught Up (Audiobook),Liz Tomforde,,3,Romance,0,yes,5.0
Play Along,Liz Tomforde,Windy City,4,Romance,0,yes,5.0
Rewind it Back,Liz Tomforde,,5,Romance,0,,4.0
A Tribute of Fire,Sariah Wilson,The Eye of the Goddess,1,Romantasy,0,,0
Ruthless Rival,L.J. Shen,Cruel Castaways,1,Dark Romance,0,,2.0
"Your Knife, My Heart",K.M. Moronova,Dark Forces,2,Dark Romance,0,,3.5
"My Blade, Your Back",K.M. Moronova,Dark Forces,3,Dark Romance,0,,3.0
One Pucked Up Pack,Sarah Blue,Pucked Up Omegaverse,1,Romance,0,,0
Feathers So Vicious,Liv Zander,,1,Romantasy,0,yes,0
Shadows So Cruel,Liv Zander,,2,Romantasy,0,yes,0
King of Wrath,Ana Huang,Kings of Sin,1,Dark Romance,4,,0
King of Pride,Ana Huang,Kings of Sin,2,Dark Romance,0,,0
King of Envy,Ana Huang,Kings of Sin,5,Romance,0,yes,0
Anathema,Keri Lake,,1,Romantasy,0,,0
Spark of the Everflame,Penn Cole,The Kindred's Curse Saga,1,Romantasy,0,yes,0
Glow of the Everflame,Penn Cole,The Kindred's Curse,2,Romantasy,0,yes,0
Heat of the Everflame,Penn Cole,The Kindred's Curse,3,Romantasy,0,yes,0
The Ritual,Shantel Tessier,LORDS,1,Romance,5,yes,0
The Sinner,Shantel Tessier,LORDS,2,Romance,0,,0
The Sacrifice,Shantel Tessier,LORDS,3,Romance,0,,0
Carnage,Shantel Tessier,,4,Dark Romance,0,,3.0
Madness,Shantel Tessier,,5,Dark Romance,0,,3.0
We Are Legion: We Are Bob,Ray Porter,,1,Romance,0,,2.5
Consider Me,Becka Mack,Playing For Keeps,1,Romance,0,,3.5
Play With Me,Becka Mack,Playing For Keeps,2,Romance,0,yes,0
Unravel Me,Becka Mack,Playing For Keeps,3,Romance,0,,0
Fall With Me,Becka Mack,Playing For Keeps,4,Romance,0,,0
Breathe With Me,Becka Mack,,5,Romance,0,,0
Love and Other Killers,Brynne Weaver,,3,Dark Romance,0,,0
Kingfisher's POV,Callie Hart,,0,Romantasy,0,,4.0
Crush,Tracy Wolff,,2,Romance,0,,0
Covet,Tracy Wolff,,3,Romance,0,,0
Court,Tracy Wolff,,4,Romance,0,,0
Hexed,Emily McIntire,,6,Dark Romance,0,,0
Caught Up (Paperback),Navessa Allen,,1,Dark Romance,0,,0
Lights Out,Navessa Allen,Into Darkness,2,Dark Romance,5,,0
The Ever King,L.J. Andrews,Ever Seas Series,1,Romantasy,4,,0
The Ever Queen,L.J. Andrews,The Ever Seas,2,Romantasy,0,,0
From Blood and Ash,Jennifer L. Armentrout,Blood and Ash,1,Romantasy,4,yes,0
A Kingdom of Flesh and Fire,Jennifer L. Armentrout,Blood and Ash,2,Romantasy,0,,0
The Crown of Gilded Bones,Jennifer L. Armentrout,,3,Romantasy,0,,0
The War of Two Queens,Jennifer L. Armentrout,Blood and Ash,4,Romantasy,0,,0
A Soul of Ash and Blood,Jennifer L. Armentrout,Blood and Ash,5,Romantasy,4,,0
The Primal of Blood and Bone,Jennifer L. Armentrout,Blood and Ash,6,Romantasy,0,,0
The Fine Print,Lauren Asher,Dreamland Billionaires,1,Romance,4,,0
Terms and Conditions,Lauren Asher,Dreamland Billionaires,2,Romance,4,,0
Final Offer,Lauren Asher,Dreamland Billionaires,3,Romance,4,,0
This Will Be Fun,E.B. Asher,,,Romantasy,0,,0
Empire of Flame and Thorns,Marion Blackwood,,1,Romantasy,0,,0
Throne of Ice and Blood,Marion Blackwood,,2,Romantasy,0,,0
Court of Lies and Deceit,Marion Blackwood,Flame and Throns,3,Romantasy,0,,0
Realm of Wind and Vines,Marion Blackwood,Flame and Throns,4,Romantasy,0,,0
Long Live Evil,Sarah Rees Brennan,Time of Iron,1,Romantasy,0,,0
The Serpent and the Wings of Night,Carissa Broadbent,,1,Romantasy,0,yes,0
The Ashes and the Star-Cursed King,Carissa Broadbent,,2,Romantasy,0,yes,0
Slaying the Vampire Conqueror,Carissa Broadbent,Crowns of Nyaxia,0,Romantasy,0,,0
Haunting Adeline,H.D. Carlton,Cat and Mouse,1,Dark Romance,5,,0
Hunting Adeline,H.D. Carlton,Cat and Mouse,2,Dark Romance,5,,0
Keep Me,Sara Cate,Sinful Manor,1,Dark Romance,0,yes,0
Heartless Hunter,Kristen Ciccarelli,Crimson Moth,1,Romantasy,0,,0
Rebel Witch,Kristen Ciccarelli,Crimson Moth,2,Romantasy,0,,0
Five Broken Blades,Mai Corland,The Broken Blades,1,Romantasy,0,,0
Wolf Gone Wild,Juliette Cross,Stay a Spell,1,Romantasy,0,,0
Credence,Penelope Douglas,,,Dark Romance,5,yes,0
First Lie Wins,Ashley Elston,,,Romance,0,,0
Amid Clouds and Bones,Ella Fields,,,Romantasy,0,yes,0
One Dark Window,Rachel Gillig,The Sheperd King,1,Romantasy,0,yes,0
Two Twisted Crowns,Rachel Gillig,The Sheperd King,2,Romantasy,0,yes,0
Bloody Black,Rhiannon Hargadon,,,Romantasy,0,,0
Quicksilver,Callie Hart,Fae & Alchemy,1,Romantasy,4,,0
Brimstone,Callie Hart,Fae & Alchemy,2,Romantasy,0,,0
Older,Jennifer Hartman,,,Dark Romance,0,,0
Bride,Ali Hazelwood,Bride,1,Romantasy,0,,0
Mate,Ali Hazelwood,Bride,2,Romantasy,0,,0
Deep End (Whet),Ali Hazelwood,,,Romance,0,,0
Not In Love,Ali Hazelwood,,,Romance,0,,0
The Striker,Ana Huang,Gods of the Game,1,Romance,0,,0
The Defender,Ana Huang,Gods of the Dame,2,Romance,0,,0
Cruel Beauty,Dana Isaly,,,Dark Romance,0,,0
Fifty Shades of Grey,E.L. James,Fifty Shades,1,Romance,0,,0
Fifty Shades Darker,E.L. James,Fifty Shades of Grey,2,Romance,0,,0
Fifty Shades Freed,E.L. James,Fifty Shades,3,Romance,0,,0
Grey,E.L. James,Fifty Shades,4,Dark Romance,0,,0
A Curse Carved in Bone,Danielle L. Jensen,Sage of the Unfated,2,Romantasy,0,,0
A Fate Inked in Bone,Danielle L. Jensen,,1,Romantasy,0,,0
Say You'll Remember Me,Abby Jimenez,,,Romance,0,,0
Gild,Raven Kennedy,The Plated Prisoner,1,Romantasy,0,,0
Glint,Raven Kennedy,The Plated Prisoner,2,Romantasy,0,,0
Gold,Raven Kennedy,The Plated Prisoner,5,Romantasy,0,,0
Goldfinch,Raven Kennedy,The Plated Prisoner,6,Romantasy,0,,0
Wolfsong,TJ Klune,Green Creek,1,Romantasy,0,yes,0
Den of Vipers,K.A. Knight,,,Dark Romance,5,yes,0
Fairydale,Veronica Lancet,,,Romantasy,0,,0
Her Soul to Take,Harley Laroux,Souls Trilogy,1,Dark Romance,0,,0
Assistant to the Villain,Hannah Nicole,Assistant to The Villain,1,Romantasy,0,,0
Apprentice to the Villain,Hannah Nicole,Assistant to The Villain,2,Romantasy,0,,0
Accomplice to the Villain,Hannah Nicole,Assistant to The Villain,3,Romantasy,0,,0
Blood of Hercules,Jasmine Mas,Villians of Lore,1,Romantasy,0,,0
Bonds of Hercules,Jasmine Mas,Villians of Lore,2,Romantasy,0,,0
Distance,Luna Mason,Beneath the Mask,1,Dark Romance,0,,0
Beneath the Stars,Emily McIntire,Sugerlake,1,Romance,0,,0
Hooked,Emily McIntire,Never After,1,Dark Romance,0,,0
Scarred,Emily McIntire,,2,Dark Romance,0,,0
Leave Me Behind,K.M. Moronova,,1,Dark Romance,0,,0
The Final Rose,Amy Oliveira,,,Romance,0,,0
When the Moon Hatched,Sarah A. Parker,Moonfall,1,Romantasy,0,yes,0
Court of the Vampire Queen,Katee Robert,Bloodline Vampires,,Dark Romance,0,,0
Divine Rivals,Rebecca Ross,Letters of Enchantment,1,Romantasy,0,,0
Ruthless Rivals,Rebecca Ross,,2,Romantasy,0,,0
Enigma,Runyx Runyx,,,Dark Romance,0,,0
Blood and Steel,Helen Scheuerer,,1,Romantasy,0,,0
Vows and Ruins,Helen Scheuerer,,2,Romantasy,0,,0
Fate and Furies,Helen Scheuerer,,3,Romantasy,0,,0
Shadow and Storms,Helen Scheuerer,,4,Romantasy,0,,0
Flawless,Elsie Silver,Chestnut Springs,1,Romance,0,,0
Heartless,Elsie Silver,Chestnut Springs,2,Romance,0,,0
Powerless,Elsie Silver,Chestnut Springs,3,Romance,0,,0
Reckless,Elsie Silver,Chestnut Springs,4,Romance,0,,0
Hopeless,Elsie Silver,Chestnut Springs,5,Romance,0,,0
Wild Love,Elsie Silver,Rose Hill,1,Romance,0,,0
Wild Eyes,Elsie Silver,Rose Hill,2,Romance,0,,0
Wild Side,Elsie Silver,Rose Hill,3,Romance,0,,0
Wild Card,Elsie Silver,Rose Hill,4,Romance,0,,0
Salt Kiss,Sierra Simone,Lyonesse,1,Dark Romance,0,,0
Honey Cut,Sierra Simone,Lyonesse,2,Dark Romance,0,,0
Priest,Sierra Simone,Priest,1,Dark Romance,0,,0
Phantasma,Kaylie Smith,Wicked Games,1,Romantasy,0,,0
Enchantra,Kaylie Smith,Wicked Games,2,Romantasy,0,,0
Dire Bound,Sable Sorensen,The Wolves of Ruin,1,Romantasy,0,,0
A Touch of Darkness,Scarlett St. Clair,Hades x Persephone Sage,1,Romantasy,0,yes,0
A Touch of Ruin,Scarlett St. Clair,Hades x Persephone Sage,2,Romantasy,0,,0
A Touch of Malice,Scarlett St. Clair,Hades x Persephone Sage,3,Romantasy,0,,0
A Touch of Chaos,Scarlett St. Clair,Hades x Persephone Sage,4,Romantasy,0,,0
Kiss of the Basilisk,Lindsay Straube,Spit or Swallow,1,Romantasy,0,,0
Between Two Kings,Lindsay Straube,Spit or Swallow,2,Romantasy,0,,0
Binding 13,Chloe Walsh,Boys of Tommen,1,Romance,0,,0
Keeping 13,Chloe Walsh,Boys of Tommen,2,Romance,0,,0
Butcher and Blackbird,Brynne Weaver,,1,Dark Romance,0,,0
Leather and Lark,Brynne Weaver,,2,Dark Romance,0,,0
Scyth and Sparrow,Brynne Weaver,,3,Dark Romance,0,,0
House of Beating Wings,Olivia Wildenstein,The Kingdom of Crows,1,Romantasy,0,,0
House of Pounding Hearts,Olivia Wildenstein,The Kingdom of Crows,2,Romantasy,0,,0
House of Striking Oaths,Olivia Wildenstein,The Kingdom of Crows,3,Romantasy,0,,0
All He'll Ever Be,W Winters,Merciless,,Romance,0,,0
Upon a Starlit Tide,Kell Woods,,,Romantasy,0,,0
Fourth Wing,Rebecca Yarros,The Empyrean,1,Romantasy,4,,0
Iron Flame,Rebecca Yarros,The Empyrean,2,Romantasy,4,,0
Onyx Storm,Rebecca Yarros,The Empyrean,3,Romantasy,0,,0
Nocticadia,Keri Lake,,,Dark Romance,0,,0
The Works of Vermin,Hiron Ennes,,,Romance,0,yes,5.0
Twisted Love,Ana Huang,Twisted,1,Romance,4,,3.5
Twisted Games,Ana Huang,Twisted,2,Romance,4,,3.5
The Last Tale of the Flower Bride,Roshani Chokshi,,,Romance,0,,3.5
Twisted Hate,Ana Huang,Twisted,3,Romance,0,,4.0
Twisted Lies,Ana Huang,Twisted,4,Romance,0,,3.5
The Lost Kings,Ashley Munoz,,1,Romance,0,,3.0
The Broken Queen,Ashley Munoz,,2,Romance,0,,3.0
My Funny Demon Valentine,Aurora Ascher,Hell Bent,1,Romantasy,0,,3.5
My Demon Hunter,Aurora Ascher,Hell Bent,2,Romantasy,0,,3.5
The Poet Empress,Shen Tao,,,Romantasy,0,,4.5
Done and Dusted,Iyla Sage,Rebel Blue Ranch,1,Romance,0,,3.5
Willing Prey,Allie Oleander,,1,Romance,0,,3.5
Swift and Saddled,Iyla Sage,Rebel Blue Ranch,2,Romance,0,,3.5
Lost and Lassoed,Iyla Sage,Rebel Blue Ranch,3,Romance,0,,3.5
Flock,Kate Stewart,The Ravenhood Series,1,Romance,0,,3.5
Exodus,Kate Stewart,The Ravenhood,2,Romance,0,,3.0
Wild and Wrangled,Iyla Sage,,4,Romance,0,,0
The Finish Line,Kate Stewart,The Ravenhood,3,Romance,0,,3.5
One Last Rainy Day,Kate Stewart,,1,Romance,0,yes,5.0
Mountain Boss,S.J. Tilly,,1,Romance,0,,2.5
Big Swiss,,,,Romance,0,,0
War of Fire and Fury,Marion Blackwood,Flame and Thorns,5,Romantasy,0,,3.0
The Deal,Elle Kennedy,,1,Romance,0,,3.5
The Mistake,Elle Kennedy,,2,Romance,0,,3.5
I Will Kill Your Imaginary Friend for $200,Robert Brockway,,,Romance,0,,5.0
It Happened One Summer,Tessa Bailey,Bellinger Series,,Romance,4,,3.0
"Hook, Line, and Sinker",Tessa Bailey,Bellinger Series,,Romance,4,,3.0
In Her Own League,Liz Tomforde,,6,Romance,0,,5.0
Birthday Girl,Penelope Douglas,,,Romantasy,0,,3.0
Cash,Jessica Peterson,Lucky River Ranch,1,Romance,0,,2.5
Briar Club,Kate Quinn,,,Romance,0,,3.0
Of Ink and Alchemy,Sloane St. James,,1,Romance,0,,3.0
Insatiable,Leigh Rivers,The Edge of Darkness Trilogy,1,Dark Romance,0,,3.5
Voracious,Leigh Rivers,The Edge of Darkness Trilogy,2,Dark Romance,0,,3.5
Restitution,Leigh Rivers,The Edge of Darkness Trilogy,3,Dark Romance,0,,3.5
Fragile Sanctuary,Catherine Cowles,Sparrow Falls,1,Romance,0,,2.5
Delicate Escape,Catherine Cowles,Sparrow Falls,2,Romance,0,,2.5
Broken Harbor,Catherine Cowles,Sparrow Falls,3,Romance,0,,2.5
Chasing Shelter,Catherine Cowles,Sparrow Falls,4,Romance,0,,2.5
Secret Haven,Catherine Cowles,Sparrow Falls,5,Romance,0,,2.5
Just For The Cameras,Meghan Quinn,,1,Romance,0,,3.0
Flames of Chaos,Amelia Hutchins,,1,Romantasy,0,,2.0
Wyatt,Jessica Peterson,Lucky River Ranch,2,Romance,0,,3.0
Fury Bound,Sable Sorensen,,2,Romantasy,0,,3.0
First -Time Caller,B.K. Borison,Heartstrings,1,Romance,3,,3.5
Game on,Navessa Allen,Into Darkness,3,Romantasy,0,,3.5
Off to the Races,Elsie Silver,Gold Rush Ranch,1,Romance,0,,3.5
The Dark One,Nikki St. Crowe,Vicious Lost Boys,2,Romantasy,0,,4.0
Their Vicious Darling,Nikki St. Crowe,Vicious Lost Boys,3,Romantasy,0,,4.0
The Fae Princes,Nikki St. Crowe,Vicious Lost Boys,4,Romantasy,0,,4.0
My Dark Fairy Tale,Giana Darling,,1,Dark Romance,0,,2.0
My Dark Ever After,Giana Darling,,2,Dark Romance,0,,2.0
Broken Breath,Blake Black,,1,Romance,0,,2.5
Twisted Trials,Blake Black,,2,Romance,0,,2.5
"Merry Christmas, You Filthy Animal",Meghan Quinn,,2,Romance,0,,2.0
Live For Me,Brittany Ann,,1,Romance,0,,3.0
Bad Bishop,L.J. Shen,,1,Dark Romance,0,,2.5
Crash,Kathy Lockheart,,1,Dark Romance,0,,2.5
Power,Kathy Lockheart,,2,Dark Romance,0,,2.5
Master of Salt & Bones,Keri Lake,,,Dark Romance,0,,0
Does it Hurt?,H.D. Carlton,,,Dark Romance,0,,0
Athica Lane,Brynne Asher,,3,Romance,0,,2.5
Her Greatest Mistake,Hannah Cowan,,1,Romance,0,,0
Zodiac Academy: The Awakening,Peckham; Valenti,,1,Romantasy,0,,0
Zodiac Academy: The Awakening as Told by the Boys,Peckham; Valenti,,1,Romantasy,0,,0
Zodiac Academy: Ruthless Fae,Peckham; Valenti,,2,Romantasy,0,,0
Zodiac Academy: The Reckoning,Peckham; Valenti,,3,Romantasy,0,,0
Zodiac Academy: Shadow Princess,Peckham; Valenti,,4,Romantasy,0,,0
Zodiac Academy: Cursed Fates,Peckham; Valenti,,5,Romantasy,0,,0
Zodiac Academy: Fated Throne,Peckham; Valenti,,6,Romantasy,0,,0
Zodiac Academy: Heartless Sky,Peckham; Valenti,,7,Romantasy,0,,0
Zodiac Academy: Sorrow and Starlight,Peckham; Valenti,,8,Romantasy,0,,0
Her Greatest Adventure,Hannah Cowan,,2,Romance,0,,0
King of Greed,Ana Huang,,3,Romance,0,,0
King of Sloth,Ana Huang,Kings of Sin,4,Romance,0,,0
Eldritch,Keri Lake,,2,Romantasy,0,,0
Detonate,Luna Mason,,2,Dark Romance,0,,0
Beneath the Stands,Emily McIntire,,2,Romance,0,,0
Beneath the Hood,Emily McIntire,,3,Romance,0,,0
Beneath the Surface,Emily McIntire,,4,Romance,0,,0
There Are No Saints,Sophie Lark,,1,Dark Romance,0,,2.5
There Is No Devil,Sophie Lark,,2,Dark Romance,0,,2.5
The Hook Up,Kristen Callihan,,1,Romance,0,,0
The Friend Zone,Kristen Callihan,,2,Romance,0,,0
The Game Plan,Kristen Callihan,,3,Romance,0,,0
The Hot Shot,Kristen Callihan,,4,Romance,0,,0
Crave,Tracy Wolff,,1,Romance,0,,0
Not Your Pucking Girl,Sheridan Anne,,1,Romance,0,,0
Offside,Avery Keelan,,1,Romance,0,,0
Gleam,Raven Kennedy,,3,Romantasy,0,,0
Glow,Raven Kennedy,,4,Romantasy,0,,0
The Devils and the Dutchess,Marissa Farrar,,1,Romance,0,,3.0
The Devils and their Doll,Marissa Farrar,,2,Romance,0,,3.0
The Devils' Darling,Marissa Farrar,,3,Romance,0,,3.0
Mafia and Scars,Isa Oliver,,,Romance,0,,3.0
Kiss to Conquer,Anna B. Doe,,1,Romance,0,,3.0
Kiss to Forgeet,Anna B. Doe,,2,Romance,0,,3.0
Beautiful Graves,L.J. Shen,,,Romance,0,,2.0
Improbable Meet-Cute Second Chances,multiple authors,,,Romance,0,,3.0
Chasing the Wild,Elliott Rose,,1,Romance,0,,2.5
Where I Belong,J. Daniels,,1,Romance,0,,2.5
All I Want,J. Daniels,,2,Romance,0,,2.5
The Penalty,D.C. Kile,,1,Romance,0,,2.5
The Score,Elle Kennedy,,3,Romance,0,,3.5
The Goal,Elle Kennedy,,4,Romance,0,,3.0
The Legacy,Elle Kennedy,,5,Romance,0,,3.5
Endgame,Willa Gray,,,Romance,0,,3.0
Mountain Daddy,S.J. Tilly,,2,Romance,0,,2.5
The Hidden Falling,Kelly Cove,,1,Romantasy,0,,2.5
The Dark Rising,Kelly Cove,,2,Romantasy,0,,3.0
Camera Shy,Kay Cove,,1,Romance,0,,3.0
Snapshot,Kay Cove,,2,Romance,0,,3.0
Vanguard,Karina Halle,,,Dark Romance,0,,0
The Wrong Quarterback,C.R. Jane,,1,Romance,0,,2.5
The Wrong Play,C.R. Jane,,2,Romance,0,,3.0
Face Off,Chelsea Curto,,1,Romance,0,,4.0
Bulletproof,K.M. Moronova,Dark Forces,4,Romance,0,,3.0
Shutout,Avery Keelan,,2,Romance,0,,3.5
A Broken Promise,Tetyana Walker,,1,Romantasy,0,,3.5
A Simple Truth,Tetyana Walker,,2,Romantasy,0,,3.5
A Rising Hope,Tetyana Walker,,3,Romantasy,0,,3.5
A Photo Finish,Elsie Silver,,2,Romance,0,,3.5
The Front Runner,Elsie Silver,,3,Romance,0,,3.5
The False Start,Elsie Silver,,4,Romance,0,,3.5
