Book Id,Title,Author,Author l-f,Additional Authors,ISBN,ISBN13,My Rating,Average Rating,Publisher,Binding,Number of Pages,Year Published,Original Publication Year,Date Read,Date Added,Bookshelves,Bookshelves with positions,Exclusive Shelf,My Review,Spoiler,Private Notes,Read Count,Owned Copies
100000,"A Court of Thorns and Roses (ACOTAR, #1)",Sarah J Mass,"Mass, Sarah J",Jane Cowriter,"=""1635575567""","=""9781635575561""",4,4.21,Sourcebooks Casablanca,Paperback,614,2018,2018,2025/01/24,2024/05/08,"hockey-romance, read",,read,Absolutely devoured this. The tension!!,,borrowed from Kate — buy own copy,2,1
100001,"A Court of Mist and Fury (ACOTAR, #2)",Sarah J Mass,"Mass, Sarah J",,"=""""","=""""",4,3.51,Entangled: Red Tower Books,Mass Market Paperback,320,2018,2017,,2024/10/14,,,read,,,,1,0
100002,"A Court of Wings and Ruin (ACOTAR, #3)",Sarah J Mass,"Mass, Sarah J",,"=""""","=""""",4,4.18,Sourcebooks Casablanca,Audible Audio,,2023,2023,2025/10/01,2024/09/07,,,read,,,,1,1
100003,"A Court of Frost and Starlight (ACOTAR, #4)",Sarah J Mass,"Mass, Sarah J",,"=""4794026542""","=""9784794026543""",3,3.86,Berkley,Hardcover,320,,,,2024/06/04,,,to-read,,,,0,0
100004,"A Court of Silver Flames (ACOTAR, #5)",Sarah J Mass,"Mass, Sarah J",,"=""""","=""""",4,4.06,Bloom Books,,448,2018,2018,2025/10/09,2024/01/24,"signed-copies, dark-romance",,read,,,,1,1
100005,Assassins Blade,Sarah J Mass,"Mass, Sarah J",,"=""""","=""""",3,3.63,Bloomsbury Publishing,Paperback,412,2022,2021,,2024/10/28,,,read,,,,1,0
100006,"Throne of Glass (Throne of Glass, #1)",Sarah J Mass,"Mass, Sarah J",,"=""1619630346""","=""9781619630343""",5,3.73,,Hardcover,320,2021,2021,2025/05/03,2024/04/28,,,read,,,,1,1
100007,"Crown of Midnight (Throne of Glass, #2)",Sarah J Mass,"Mass, Sarah J",,"=""""","=""""",5,3.65,Berkley,,,2020,2020,,2024/03/12,,,currently-reading,,,,0,0
100008,"Heir of Fire (Throne of Glass, #3)",Sarah J Mass,"Mass, Sarah J",,"=""""","=""""",4,3.60,Avon,Hardcover,614,2019,2019,2025/11/21,2024/02/20,"signed-copies, read",,read,,,,1,1
100009,"Queen of Shadows (Throne of Glass, #4) (Crossover Saga, #1)",Sarah J Mass,"Mass, Sarah J",,"=""0835030564""","=""9780835030561""",4,3.78,,Audible Audio,614,,,,2024/04/19,,,read,,,,1,0
100010,"Empire of Storms (Throne of Glass, #5)",Sarah J Mass,"Mass, Sarah J",,"=""""","=""""",4,3.70,Sourcebooks Casablanca,Mass Market Paperback,412,2019,2019,2025/07/21,2024/08/05,,,read,,,,2,1
100011,"Tower of Dawn (Throne of Glass, #6)",Sarah J Mass,"Mass, Sarah J",,"=""""","=""""",4,4.48,Avon,Hardcover,528,2021,2021,,2024/05/24,,,to-read,,,,0,0
100012,"Kingdom of Ash (Throne of Glass, #7)",Sarah J Mass,"Mass, Sarah J",,"=""4287101226""","=""9784287101229""",5,4.43,Bloomsbury Publishing,,,2022,2022,2025/02/13,2024/07/20,"signed-copies, fae",,read,,,,1,1
100013,"The Never King (Vicious Lost Boys, #1)",Nikki St. Crowe,"Crowe, Nikki St.",,"=""""","=""""",4,4.30,Bloom Books,,614,2022,2021,,2024/12/04,,,read,,,,1,0
100014,Mile High,Liz Tomforde,"Tomforde, Liz",,"=""""","=""""",4,3.40,,,384,2021,2021,2025/06/04,2024/05/14,,,read,,,,1,1
100015,The Right Move,Liz Tomforde,"Tomforde, Liz",,"=""5828148932""","=""9785828148935""",3,4.50,Sourcebooks Casablanca,Hardcover,528,,,,2024/03/18,,,read,,,,1,0
100016,Caught Up (Audiobook),Liz Tomforde,"Tomforde, Liz",,"=""""","=""""",5,4.54,Bloomsbury Publishing,,384,2022,2022,2025/08/01,2024/02/12,"hockey-romance, dark-romance, read",,read,,,,1,1
100017,"Play Along (Windy City, #4)",Liz Tomforde,"Tomforde, Liz",,"=""""","=""""",5,4.57,Sourcebooks Casablanca,Kindle Edition,,2018,2017,,2024/08/27,,,read,,,,1,0
100018,Rewind it Back,Liz Tomforde,"Tomforde, Liz",,"=""0278248963""","=""9780278248968""",4,4.59,,Hardcover,412,2021,2021,2025/12/23,2024/04/23,,,read,,,,1,1
100019,"A Tribute of Fire (The Eye of the Goddess, #1)",Sariah Wilson,"Wilson, Sariah",,"=""""","=""""",0,3.70,Bloomsbury Publishing,Hardcover,448,2018,2018,,2024/08/17,,,to-read,,,,0,0
100020,"Ruthless Rival (Cruel Castaways, #1)",L.J. Shen,"Shen, L.J.",,"=""""","=""""",2,4.16,Entangled: Red Tower Books,Paperback,320,2023,2023,2025/01/19,2024/09/08,dark-romance,,read,,,,2,1
100021,"Your Knife, My Heart (Dark Forces, #2)",K.M. Moronova,"Moronova, K.M.",,"=""1518347382""","=""9781518347389""",4,4.34,Bloom Books,Audible Audio,384,,,,2024/10/16,,,read,,,,1,0
100022,"My Blade, Your Back (Dark Forces, #3)",K.M. Moronova,"Moronova, K.M.",,"=""""","=""""",3,3.83,Avon,Audible Audio,,2021,2021,2025/04/04,2024/02/22,,,read,,,,1,1
100023,"One Pucked Up Pack (Pucked Up Omegaverse, #1)",Sarah Blue,"Blue, Sarah",,"=""""","=""""",0,4.58,Bloomsbury Publishing,Paperback,614,2023,2023,,2024/12/02,,,read,,,,1,0
100024,Feathers So Vicious,Liv Zander,"Zander, Liv",,"=""7513338726""","=""9787513338722""",0,3.46,Sourcebooks Casablanca,Paperback,528,2018,2018,2025/05/15,2024/04/28,"dnf-maybe-later, read",,read,,,,1,1
100025,Shadows So Cruel,Liv Zander,"Zander, Liv",,"=""""","=""""",0,3.89,Avon,Kindle Edition,384,2019,2018,,2024/02/25,,,read,Absolutely devoured this. The tension!!,,,1,0
100026,"King of Wrath (Kings of Sin, #1)",Ana Huang,"Huang, Ana",,"=""""","=""""",0,3.72,Bloom Books,Audible Audio,320,2021,2021,2025/07/02,2024/03/13,,,read,,,,1,1
100027,"King of Pride (Kings of Sin, #2)",Ana Huang,"Huang, Ana",,"=""0468723430""","=""9780468723439""",0,3.47,Berkley,Paperback,,,,,2024/12/18,,,to-read,,,,0,0
100028,"King of Envy (Kings of Sin, #5)",Ana Huang,"Huang, Ana",,"=""""","=""""",0,4.42,Bloomsbury Publishing,Mass Market Paperback,528,2018,2018,2025/01/19,2024/08/17,dark-romance,,read,,,,1,1
100029,Anathema,Keri Lake,"Lake, Keri",,"=""""","=""""",0,3.54,Sourcebooks Casablanca,Kindle Edition,384,2021,2020,,2024/02/22,,,read,,,,1,0
100030,"Spark of the Everflame (The Kindred's Curse Saga, #1)",Penn Cole,"Cole, Penn",Jane Cowriter,"=""1916998543""","=""9781916998545""",0,3.76,Berkley,Paperback,614,2023,2023,2025/04/09,2024/07/05,,,read,,,,2,1
100031,"Glow of the Everflame (The Kindred's Curse, #2)",Penn Cole,"Cole, Penn",,"=""""","=""""",0,4.60,Bloomsbury Publishing,Mass Market Paperback,528,2022,2022,,2024/01/15,,,read,,,,1,0
100032,"Heat of the Everflame (The Kindred's Curse, #3)",Penn Cole,"Cole, Penn",,"=""""","=""""",0,3.74,Avon,Mass Market Paperback,,2020,2020,2025/04/17,2024/05/05,"dark-romance, hockey-romance, read",,read,,,,1,1
100033,"The Ritual (LORDS, #1)",Shantel Tessier,"Tessier, Shantel",,"=""5980841241""","=""9785980841241""",0,3.73,Sourcebooks Casablanca,Kindle Edition,384,,,,2024/12/18,,,read,,,,1,0
100034,"The Sinner (LORDS, #2)",Shantel Tessier,"Tessier, Shantel",,"=""""","=""""",0,4.01,Berkley,Paperback,614,2020,2020,2025/12/11,2024/04/22,,,read,,,,1,1
100035,"The Sacrifice (LORDS, #3)",Shantel Tessier,"Tessier, Shantel",,"=""""","=""""",0,3.45,Berkley,Kindle Edition,448,2020,2020,,2024/02/21,,,to-read,,,,0,0
100036,Carnage,Shantel Tessier,"Tessier, Shantel",,"=""0427868011""","=""9780427868012""",3,3.77,Bloom Books,Paperback,384,2018,2018,2025/09/02,2024/06/19,dnf-maybe-later,,read,,,,1,1
100037,Madness,Shantel Tessier,"Tessier, Shantel",,"=""""","=""""",3,3.70,Bloomsbury Publishing,Hardcover,,2023,2022,,2024/06/07,,,read,,,,1,0
100038,We Are Legion: We Are Bob,Ray Porter,"Porter, Ray",,"=""""","=""""",2,4.30,Entangled: Red Tower Books,Kindle Edition,448,2022,2022,,2024/09/28,,,currently-reading,,,,0,1
100039,"Consider Me (Playing For Keeps, #1)",Becka Mack,"Mack, Becka",,"=""3602563421""","=""9783602563426""",4,3.67,Bloom Books,Audible Audio,448,,,,2024/01/28,,,read,,,,1,0
100040,"Play With Me (Playing For Keeps, #2)",Becka Mack,"Mack, Becka",,"=""""","=""""",0,3.79,Bloom Books,Paperback,384,2021,2021,2025/06/10,2024/04/08,"enemies-to-lovers, read",,read,,,borrowed from Kate — buy own copy,2,1
100041,"Unravel Me (Playing For Keeps, #3)",Becka Mack,"Mack, Becka",,"=""""","=""""",0,3.88,Bloom Books,Mass Market Paperback,614,2022,2021,,2024/05/12,,,read,,,,1,0
100042,"Fall With Me (Playing For Keeps, #4)",Becka Mack,"Mack, Becka",,"=""6014294019""","=""9786014294016""",0,4.58,Bloomsbury Publishing,Audible Audio,,2022,2022,2025/06/24,2024/06/14,,,read,,,,1,1
100043,Breathe With Me,Becka Mack,"Mack, Becka",,"=""""","=""""",0,4.25,Bloomsbury Publishing,Mass Market Paperback,412,2018,2018,,2024/10/07,,,to-read,,,,0,0
100044,Love and Other Killers,Brynne Weaver,"Weaver, Brynne",,"=""""","=""""",0,4.54,Berkley,Mass Market Paperback,448,2018,2018,2025/09/22,2024/12/24,fae,,read,,,,1,1
100045,Kingfisher's POV,Callie Hart,"Hart, Callie",,"=""0514846564""","=""9780514846568""",4,4.20,Avon,,448,,,,2024/03/07,,,read,,,,1,0
100046,Crush,Tracy Wolff,"Wolff, Tracy",,"=""""","=""""",0,4.06,Bloomsbury Publishing,Hardcover,412,2021,2021,2025/12/06,2024/10/19,,,read,,,,1,1
100047,Covet,Tracy Wolff,"Wolff, Tracy",,"=""""","=""""",0,4.34,Sourcebooks Casablanca,,,2021,2021,,2024/05/07,,,read,,,,1,0
100048,Court,Tracy Wolff,"Wolff, Tracy",,"=""6777387214""","=""9786777387218""",0,3.77,Bloom Books,Kindle Edition,384,2023,2023,2025/11/21,2024/10/11,"favorites-shelf, read",,read,,,,1,1
100049,Hexed,Emily McIntire,"McIntire, Emily",,"=""""","=""""",0,4.58,Sourcebooks Casablanca,Paperback,320,2019,2018,,2024/03/01,,,read,,,,1,0
100050,Caught Up (Paperback),Navessa Allen,"Allen, Navessa",,"=""""","=""""",0,4.24,Avon,Audible Audio,384,2023,2023,2025/08/14,2024/11/19,,,read,Absolutely devoured this. The tension!!,,,2,1
100051,"Lights Out (Into Darkness, #2)",Navessa Allen,"Allen, Navessa",,"=""4201632870""","=""9784201632878""",0,3.95,Bloom Books,Audible Audio,320,,,,2024/04/28,,,to-read,,,,0,0
100052,"The Ever King (Ever Seas Series, #1)",L.J. Andrews,"Andrews, L.J.",,"=""""","=""""",0,4.38,Sourcebooks Casablanca,Audible Audio,,2022,2022,2025/11/17,2024/09/20,"favorites-shelf, dnf-maybe-later",,read,,,,1,1
100053,"The Ever Queen (The Ever Seas, #2)",L.J. Andrews,"Andrews, L.J.",,"=""""","=""""",0,4.43,Avon,Hardcover,384,2023,2022,,2024/09/15,,,read,,,,1,0
100054,"From Blood and Ash (Blood and Ash, #1)",Jennifer L. Armentrout,"Armentrout, Jennifer L.",,"=""0348734714""","=""9780348734713""",0,3.58,Avon,,320,2019,2019,2025/05/11,2024/06/18,,,read,,,,1,1
100055,"A Kingdom of Flesh and Fire (Blood and Ash, #2)",Jennifer L. Armentrout,"Armentrout, Jennifer L.",,"=""""","=""""",0,3.90,Berkley,Mass Market Paperback,384,2018,2018,,2024/03/23,,,read,,,,1,0
100056,The Crown of Gilded Bones,Jennifer L. Armentrout,"Armentrout, Jennifer L.",,"=""""","=""""",0,4.43,Bloom Books,Mass Market Paperback,614,2018,2018,2025/08/14,2024/01/07,"dnf-maybe-later, signed-copies, read",,read,,,,1,1
100057,"The War of Two Queens (Blood and Ash, #4)",Jennifer L. Armentrout,"Armentrout, Jennifer L.",,"=""7705466889""","=""9787705466883""",0,3.73,Avon,Paperback,,,,,2024/08/08,,,read,,,,1,0
100058,"A Soul of Ash and Blood (Blood and Ash, #5)",Jennifer L. Armentrout,"Armentrout, Jennifer L.",,"=""""","=""""",0,3.60,Avon,Kindle Edition,448,2023,2023,2025/07/11,2024/11/22,,,read,,,,1,1
100059,"The Primal of Blood and Bone (Blood and Ash, #6)",Jennifer L. Armentrout,"Armentrout, Jennifer L.",,"=""""","=""""",0,4.11,,Paperback,320,2021,2021,,2024/10/18,,,to-read,,,,0,0
100060,"The Fine Print (Dreamland Billionaires, #1)",Lauren Asher,"Asher, Lauren",Jane Cowriter,"=""2627204653""","=""9782627204657""",0,4.30,Bloomsbury Publishing,Hardcover,448,2018,2018,2025/06/11,2024/07/09,"fae, dark-romance",,read,,,,2,1
100061,"Terms and Conditions (Dreamland Billionaires, #2)",Lauren Asher,"Asher, Lauren",,"=""""","=""""",0,3.45,Bloomsbury Publishing,Kindle Edition,320,2023,2022,,2024/04/21,,,read,,,,1,0
100062,"Final Offer (Dreamland Billionaires, #3)",Lauren Asher,"Asher, Lauren",,"=""""","=""""",0,3.69,Avon,,,2019,2019,2025/04/27,2024/01/20,,,read,,,,1,1
100063,This Will Be Fun,E.B. Asher,"Asher, E.B.",,"=""0193745299""","=""9780193745291""",0,4.09,Berkley,Mass Market Paperback,320,,,,2024/03/10,,,read,,,,1,0
100064,Empire of Flame and Thorns,Marion Blackwood,"Blackwood, Marion",,"=""""","=""""",0,4.40,Entangled: Red Tower Books,Paperback,528,2023,2023,2025/11/13,2024/07/23,"dark-romance, read",,read,,,,1,1
100065,Throne of Ice and Blood,Marion Blackwood,"Blackwood, Marion",,"=""""","=""""",0,4.12,Bloomsbury Publishing,Mass Market Paperback,412,2023,2022,,2024/12/25,,,read,,,,1,0
100066,"Court of Lies and Deceit (Flame and Throns, #3)",Marion Blackwood,"Blackwood, Marion",,"=""1586518506""","=""9781586518507""",0,3.58,Entangled: Red Tower Books,,448,2023,2023,2025/02/14,2024/06/21,,,read,,,,1,1
100067,"Realm of Wind and Vines (Flame and Throns, #4)",Marion Blackwood,"Blackwood, Marion",,"=""""","=""""",0,4.14,Sourcebooks Casablanca,Audible Audio,,2020,2020,,2024/09/21,,,to-read,,,,0,0
100068,"Long Live Evil (Time of Iron, #1)",Sarah Rees Brennan,"Brennan, Sarah Rees",,"=""""","=""""",0,4.46,Entangled: Red Tower Books,Audible Audio,320,2020,2020,2025/08/14,2024/12/19,"fae, hockey-romance",,read,,,,1,1
100069,The Serpent and the Wings of Night,Carissa Broadbent,"Broadbent, Carissa",,"=""0316580791""","=""9780316580799""",0,3.80,Avon,Hardcover,448,,,,2024/10/22,,,currently-reading,,,,0,0
100070,The Ashes and the Star-Cursed King,Carissa Broadbent,"Broadbent, Carissa",,"=""""","=""""",0,3.74,Sourcebooks Casablanca,,412,2020,2020,2025/03/16,2024/04/12,,,read,,,,2,1
100071,"Slaying the Vampire Conqueror (Crowns of Nyaxia, #0)",Carissa Broadbent,"Broadbent, Carissa",,"=""""","=""""",0,4.54,Bloomsbury Publishing,Kindle Edition,320,2022,2022,,2024/05/18,,,read,,,,1,0
100072,"Haunting Adeline (Cat and Mouse, #1)",H.D. Carlton,"Carlton, H.D.",,"=""0678377701""","=""9780678377704""",0,3.97,Sourcebooks Casablanca,Hardcover,,2020,2020,2025/04/13,2024/12/08,"enemies-to-lovers, signed-copies, read",,read,,,,1,1
100073,"Hunting Adeline (Cat and Mouse, #2)",H.D. Carlton,"Carlton, H.D.",,"=""""","=""""",0,3.82,Avon,Hardcover,528,2020,2019,,2024/07/24,,,read,,,,1,0
100074,"Keep Me (Sinful Manor, #1)",Sara Cate,"Cate, Sara",,"=""""","=""""",0,3.78,,Mass Market Paperback,614,2019,2019,2025/05/09,2024/04/04,,,read,,,,1,1
100075,"Heartless Hunter (Crimson Moth, #1)",Kristen Ciccarelli,"Ciccarelli, Kristen",,"=""3337498941""","=""9783337498943""",0,3.62,Bloomsbury Publishing,,412,,,,2024/05/08,,,to-read,Absolutely devoured this. The tension!!,,,0,0
100076,"Rebel Witch (Crimson Moth, #2)",Kristen Ciccarelli,"Ciccarelli, Kristen",,"=""""","=""""",0,4.53,,Audible Audio,412,2023,2023,2025/09/05,2024/05/02,signed-copies,,read,,,,1,1
100077,"Five Broken Blades (The Broken Blades, #1)",Mai Corland,"Corland, Mai",,"=""""","=""""",0,4.09,Avon,Audible Audio,,2018,2017,,2024/02/28,,,read,,,,1,0
100078,"Wolf Gone Wild (Stay a Spell, #1)",Juliette Cross,"Cross, Juliette",,"=""8520471167""","=""9788520471161""",0,4.37,Berkley,Paperback,384,2019,2019,2025/10/21,2024/11/02,,,read,,,,1,1
100079,Credence,Penelope Douglas,"Douglas, Penelope",,"=""""","=""""",0,4.13,Bloom Books,Mass Market Paperback,528,2021,2021,,2024/04/04,,,read,,,,1,0
100080,First Lie Wins,Ashley Elston,"Elston, Ashley",,"=""""","=""""",0,3.77,Sourcebooks Casablanca,Paperback,528,2021,2021,2025/04/25,2024/09/13,"dnf-maybe-later, fae, read",,read,,,borrowed from Kate — buy own copy,2,1
100081,Amid Clouds and Bones,Ella Fields,"Fields, Ella",,"=""0913341232""","=""9780913341238""",0,3.89,,Mass Market Paperback,320,,,,2024/02/06,,,read,,,,1,0
100082,"One Dark Window (The Sheperd King, #1)",Rachel Gillig,"Gillig, Rachel",,"=""""","=""""",0,4.25,,Audible Audio,,2020,2020,2025/08/10,2024/01/08,,,read,,,,1,1
100083,"Two Twisted Crowns (The Sheperd King, #2)",Rachel Gillig,"Gillig, Rachel",,"=""""","=""""",0,4.35,,Mass Market Paperback,384,2020,2020,,2024/02/22,,,to-read,,,,0,0
100084,Bloody Black,Rhiannon Hargadon,"Hargadon, Rhiannon",,"=""4618324210""","=""9784618324212""",0,3.76,Avon,Hardcover,448,2023,2023,2025/05/20,2024/12/27,"dnf-maybe-later, dark-romance",,read,,,,1,1
100085,"Quicksilver (Fae & Alchemy, #1)",Callie Hart,"Hart, Callie",,"=""""","=""""",0,3.50,Bloomsbury Publishing,Audible Audio,448,2021,2020,,2024/09/18,,,read,,,,1,0
100086,"Brimstone (Fae & Alchemy, #2)",Callie Hart,"Hart, Callie",,"=""""","=""""",0,3.67,,Mass Market Paperback,320,2018,2018,2025/12/11,2024/10/09,,,read,,,,1,1
100087,Older,Jennifer Hartman,"Hartman, Jennifer",,"=""1490278742""","=""9781490278749""",0,4.38,Bloomsbury Publishing,Audible Audio,,,,,2024/07/21,,,read,,,,1,0
100088,"Bride (Bride, #1)",Ali Hazelwood,"Hazelwood, Ali",,"=""""","=""""",0,3.89,Avon,Hardcover,384,2020,2020,2025/06/14,2024/06/11,"favorites-shelf, read",,read,,,,1,1
100089,"Mate (Bride, #2)",Ali Hazelwood,"Hazelwood, Ali",,"=""""","=""""",0,3.95,Berkley,Hardcover,528,2018,2017,,2024/11/13,,,read,,,,1,0
100090,Deep End (Whet),Ali Hazelwood,"Hazelwood, Ali",Jane Cowriter,"=""0516808760""","=""9780516808763""",0,3.93,Bloomsbury Publishing,Kindle Edition,448,2023,2023,2025/09/12,2024/10/25,,,read,,,,2,1
100091,Not In Love,Ali Hazelwood,"Hazelwood, Ali",,"=""""","=""""",0,3.93,,Audible Audio,384,2020,2020,,2024/05/18,,,to-read,,,,0,0
100092,"The Striker (Gods of the Game, #1)",Ana Huang,"Huang, Ana",,"=""""","=""""",0,3.77,Bloomsbury Publishing,Mass Market Paperback,,2019,2019,2025/02/01,2024/11/20,enemies-to-lovers,,read,,,,1,1
100093,"The Defender (Gods of the Dame, #2)",Ana Huang,"Huang, Ana",,"=""7131712748""","=""9787131712744""",0,4.58,Entangled: Red Tower Books,Audible Audio,448,,,,2024/07/27,,,read,,,,1,0
100094,Cruel Beauty,Dana Isaly,"Isaly, Dana",,"=""""","=""""",0,4.30,Entangled: Red Tower Books,Paperback,528,2022,2022,2025/09/05,2024/07/07,,,read,,,,1,1
100095,"Fifty Shades of Grey (Fifty Shades, #1)",E.L. James,"James, E.L.",,"=""""","=""""",0,4.52,Sourcebooks Casablanca,Hardcover,448,2020,2020,,2024/05/25,,,read,,,,1,0
100096,"Fifty Shades Darker (Fifty Shades of Grey, #2)",E.L. James,"James, E.L.",,"=""1449972787""","=""9781449972785""",0,4.09,Entangled: Red Tower Books,Audible Audio,614,2019,2019,2025/06/18,2024/09/13,"fae, hockey-romance, read",,read,,,,1,1
100097,"Fifty Shades Freed (Fifty Shades, #3)",E.L. James,"James, E.L.",,"=""""","=""""",0,3.97,Bloom Books,Audible Audio,,2023,2022,,2024/01/11,,,read,,,,1,0
100098,"Grey (Fifty Shades, #4)",E.L. James,"James, E.L.",,"=""""","=""""",0,3.55,Sourcebooks Casablanca,Hardcover,448,2018,2018,2025/07/22,2024/11/05,,,read,,,,1,1
100099,"A Curse Carved in Bone (Sage of the Unfated, #2)",Danielle L. Jensen,"Jensen, Danielle L.",,"=""0171870262""","=""9780171870261""",0,3.81,,Audible Audio,412,,,,2024/08/26,,,to-read,,,,0,0
100100,A Fate Inked in Bone,Danielle L. Jensen,"Jensen, Danielle L.",,"=""""","=""""",0,4.54,,,528,2021,2021,,2024/11/03,"favorites-shelf, enemies-to-lovers",,currently-reading,Absolutely devoured this. The tension!!,,,0,1
100101,Say You'll Remember Me,Abby Jimenez,"Jimenez, Abby",,"=""""","=""""",0,4.14,Entangled: Red Tower Books,,528,2018,2017,,2024/08/28,,,read,,,,1,0
100102,"Gild (The Plated Prisoner, #1)",Raven Kennedy,"Kennedy, Raven",,"=""5316117240""","=""9785316117240""",0,3.85,Entangled: Red Tower Books,Kindle Edition,,2020,2020,2025/06/26,2024/01/10,,,read,,,,1,1
100103,"Glint (The Plated Prisoner, #2)",Raven Kennedy,"Kennedy, Raven",,"=""""","=""""",0,4.35,Entangled: Red Tower Books,Kindle Edition,528,2023,2023,,2024/09/14,,,read,,,,1,0
100104,"Gold (The Plated Prisoner, #5)",Raven Kennedy,"Kennedy, Raven",,"=""""","=""""",0,3.68,,Hardcover,528,2019,2019,2025/02/20,2024/07/20,"dnf-maybe-later, read",,read,,,,1,1
100105,"Goldfinch (The Plated Prisoner, #6)",Raven Kennedy,"Kennedy, Raven",,"=""8407482175""","=""9788407482179""",0,4.23,Avon,Hardcover,448,,,,2024/05/21,,,read,,,,1,0
100106,"Wolfsong (Green Creek, #1)",TJ Klune,"Klune, TJ",,"=""""","=""""",0,4.09,Sourcebooks Casablanca,Hardcover,384,2021,2021,2025/04/13,2024/08/04,,,read,,,,1,1
100107,Den of Vipers,K.A. Knight,"Knight, K.A.",,"=""""","=""""",0,4.57,,Audible Audio,,2018,2018,,2024/12/10,,,to-read,,,,0,0
100108,Fairydale,Veronica Lancet,"Lancet, Veronica",,"=""0409097439""","=""9780409097435""",0,4.41,,Paperback,614,2023,2023,2025/04/21,2024/04/20,"enemies-to-lovers, favorites-shelf",,read,,,,1,1
100109,"Her Soul to Take (Souls Trilogy, #1)",Harley Laroux,"Laroux, Harley",,"=""""","=""""",0,4.35,Bloomsbury Publishing,Mass Market Paperback,320,2020,2019,,2024/11/21,,,read,,,,1,0
100110,"Assistant to the Villain (Assistant to The Villain, #1)",Hannah Nicole,"Nicole, Hannah",,"=""""","=""""",0,4.30,Entangled: Red Tower Books,Kindle Edition,412,2020,2020,2025/06/24,2024/03/03,,,read,,,,2,1
100111,"Apprentice to the Villain (Assistant to The Villain, #2)",Hannah Nicole,"Nicole, Hannah",,"=""3858842474""","=""9783858842475""",0,3.57,Entangled: Red Tower Books,,320,,,,2024/02/15,,,read,,,,1,0
100112,"Accomplice to the Villain (Assistant to The Villain, #3)",Hannah Nicole,"Nicole, Hannah",,"=""""","=""""",0,3.72,Bloomsbury Publishing,Audible Audio,,2018,2018,2025/12/22,2024/07/28,"dark-romance, dnf-maybe-later, read",,read,,,,1,1
100113,"Blood of Hercules (Villians of Lore, #1)",Jasmine Mas,"Mas, Jasmine",,"=""""","=""""",0,3.71,Avon,,614,2023,2022,,2024/06/22,,,read,,,,1,0
100114,"Bonds of Hercules (Villians of Lore, #2)",Jasmine Mas,"Mas, Jasmine",,"=""6137098593""","=""9786137098591""",0,3.89,Entangled: Red Tower Books,Paperback,412,2023,2023,2025/11/27,2024/08/23,,,read,,,,1,1
100115,"Distance (Beneath the Mask, #1)",Luna Mason,"Mason, Luna",,"=""""","=""""",0,3.52,Sourcebooks Casablanca,Kindle Edition,448,2018,2018,,2024/01/10,,,to-read,,,,0,0
100116,"Beneath the Stars (Sugerlake, #1)",Emily McIntire,"McIntire, Emily",,"=""""","=""""",0,4.46,,Paperback,614,2019,2019,2025/07/15,2024/06/22,"signed-copies, enemies-to-lovers",,read,,,,1,1
100117,"Hooked (Never After, #1)",Emily McIntire,"McIntire, Emily",,"=""0796405377""","=""9780796405373""",0,4.58,Berkley,Mass Market Paperback,,,,,2024/06/04,,,read,,,,1,0
100118,Scarred,Emily McIntire,"McIntire, Emily",,"=""""","=""""",0,4.56,Bloom Books,Audible Audio,412,2019,2019,2025/11/12,2024/01/13,,,read,,,,1,1
100119,Leave Me Behind,K.M. Moronova,"Moronova, K.M.",,"=""""","=""""",0,4.17,Bloomsbury Publishing,Paperback,384,2023,2023,,2024/02/22,,,read,,,,1,0
100120,The Final Rose,Amy Oliveira,"Oliveira, Amy",Jane Cowriter,"=""6329318393""","=""9786329318393""",0,4.05,Bloom Books,Kindle Edition,384,2019,2019,2025/06/25,2024/03/26,"fae, read",,read,,,borrowed from Kate — buy own copy,2,1
100121,"When the Moon Hatched (Moonfall, #1)",Sarah A. Parker,"Parker, Sarah A.",,"=""""","=""""",0,3.42,Bloom Books,Kindle Edition,320,2019,2018,,2024/02/22,,,read,,,,1,0
100122,"Court of the Vampire Queen (Bloodline Vampires, #1)",Katee Robert,"Robert, Katee",,"=""""","=""""",0,3.46,,Audible Audio,,2020,2020,2025/10/11,2024/01/06,,,read,,,,1,1
100123,"Divine Rivals (Letters of Enchantment, #1)",Rebecca Ross,"Ross, Rebecca",,"=""0008671680""","=""9780008671688""",0,3.97,Bloom Books,Hardcover,320,,,,2024/02/24,,,to-read,,,,0,0
100124,Ruthless Rivals,Rebecca Ross,"Ross, Rebecca",,"=""""","=""""",0,4.34,Bloom Books,,320,2023,2023,2025/09/19,2024/02/15,signed-copies,,read,,,,1,1
100125,Enigma,Runyx Runyx,"Runyx, Runyx",,"=""""","=""""",0,4.56,Bloomsbury Publishing,Audible Audio,448,2023,2022,,2024/09/10,,,read,Absolutely devoured this. The tension!!,,,1,0
100126,Blood and Steel,Helen Scheuerer,"Scheuerer, Helen",,"=""0661771159""","=""9780661771152""",0,4.06,Berkley,Audible Audio,614,2022,2022,2025/02/05,2024/05/20,,,read,,,,1,1
100127,Vows and Ruins,Helen Scheuerer,"Scheuerer, Helen",,"=""""","=""""",0,3.94,Sourcebooks Casablanca,Audible Audio,,2020,2020,,2024/10/17,,,read,,,,1,0
100128,Fate and Furies,Helen Scheuerer,"Scheuerer, Helen",,"=""""","=""""",0,3.90,Bloom Books,Audible Audio,448,2019,2019,2025/02/26,2024/12/04,"dnf-maybe-later, read",,read,,,,1,1
100129,Shadow and Storms,Helen Scheuerer,"Scheuerer, Helen",,"=""7615654527""","=""9787615654521""",0,3.51,Bloomsbury Publishing,,320,,,,2024/02/27,,,read,,,,1,0
100130,"Flawless (Chestnut Springs, #1)",Elsie Silver,"Silver, Elsie",,"=""""","=""""",0,4.55,Sourcebooks Casablanca,Hardcover,320,2022,2022,2025/12/12,2024/03/18,,,read,,,,2,1
100131,"Heartless (Chestnut Springs, #2)",Elsie Silver,"Silver, Elsie",,"=""""","=""""",0,4.45,Bloom Books,Audible Audio,448,2020,2020,,2024/11/04,,,to-read,,,,0,0
100132,"Powerless (Chestnut Springs, #3)",Elsie Silver,"Silver, Elsie",,"=""1494519832""","=""9781494519837""",0,3.67,Avon,Mass Market Paperback,,2022,2022,2025/04/28,2024/02/12,"dark-romance, fae",,read,,,,1,1
100133,"Reckless (Chestnut Springs, #4)",Elsie Silver,"Silver, Elsie",,"=""""","=""""",0,4.07,Sourcebooks Casablanca,,614,2023,2022,,2024/10/20,,,read,,,,1,0
100134,"Hopeless (Chestnut Springs, #5)",Elsie Silver,"Silver, Elsie",,"=""""","=""""",0,4.31,Berkley,Hardcover,412,2023,2023,2025/12/09,2024/01/06,,,read,,,,1,1
100135,"Wild Love (Rose Hill, #1)",Elsie Silver,"Silver, Elsie",,"=""0022961201""","=""9780022961208""",0,3.94,Entangled: Red Tower Books,Hardcover,448,,,,2024/04/13,,,read,,,,1,0
100136,"Wild Eyes (Rose Hill, #2)",Elsie Silver,"Silver, Elsie",,"=""""","=""""",0,4.31,Bloomsbury Publishing,,384,2019,2019,2025/05/24,2024/06/25,"dark-romance, read",,read,,,,1,1
100137,"Wild Side (Rose Hill, #3)",Elsie Silver,"Silver, Elsie",,"=""""","=""""",0,4.19,Avon,Mass Market Paperback,,2021,2020,,2024/02/09,,,read,,,,1,0
100138,"Wild Card (Rose Hill, #4)",Elsie Silver,"Silver, Elsie",,"=""8643815614""","=""9788643815619""",0,3.87,Sourcebooks Casablanca,Paperback,320,2019,2019,2025/08/17,2024/11/10,,,read,,,,1,1
100139,"Salt Kiss (Lyonesse, #1)",Sierra Simone,"Simone, Sierra",,"=""""","=""""",0,4.32,Bloom Books,Hardcover,412,2019,2019,,2024/01/07,,,to-read,,,,0,0
100140,"Honey Cut (Lyonesse, #2)",Sierra Simone,"Simone, Sierra",,"=""""","=""""",0,3.86,,Kindle Edition,384,2019,2019,2025/05/11,2024/02/01,"enemies-to-lovers, dnf-maybe-later",,read,,,,2,1
100141,"Priest (Priest, #1)",Sierra Simone,"Simone, Sierra",,"=""9851606071""","=""9789851606075""",0,3.89,,Audible Audio,528,,,,2024/10/14,,,read,,,,1,0
100142,"Phantasma (Wicked Games, #1)",Kaylie Smith,"Smith, Kaylie",,"=""""","=""""",0,3.61,Sourcebooks Casablanca,Audible Audio,,2020,2020,2025/05/04,2024/07/01,,,read,,,,1,1
100143,"Enchantra (Wicked Games, #2)",Kaylie Smith,"Smith, Kaylie",,"=""""","=""""",0,4.41,Entangled: Red Tower Books,Audible Audio,320,2021,2021,,2024/12/12,,,read,,,,1,0
100144,"Dire Bound (The Wolves of Ruin, #1)",Sable Sorensen,"Sorensen, Sable",,"=""0968164535""","=""9780968164532""",0,4.27,Bloom Books,,412,2020,2020,2025/02/17,2024/11/04,"favorites-shelf, read",,read,,,,1,1
100145,"A Touch of Darkness (Hades x Persephone Sage, #1)",Scarlett St. Clair,"Clair, Scarlett St.",,"=""""","=""""",0,3.71,Entangled: Red Tower Books,Mass Market Paperback,320,2019,2018,,2024/03/08,,,read,,,,1,0
100146,"A Touch of Ruin (Hades x Persephone Sage, #2)",Scarlett St. Clair,"Clair, Scarlett St.",,"=""""","=""""",0,3.99,Bloom Books,Mass Market Paperback,384,2023,2023,2025/03/25,2024/11/03,,,read,,,,1,1
100147,"A Touch of Malice (Hades x Persephone Sage, #3)",Scarlett St. Clair,"Clair, Scarlett St.",,"=""8995527177""","=""9788995527174""",0,3.47,Sourcebooks Casablanca,Paperback,,,,,2024/05/19,,,to-read,,,,0,0
100148,"A Touch of Chaos (Hades x Persephone Sage, #4)",Scarlett St. Clair,"Clair, Scarlett St.",,"=""""","=""""",0,4.17,Bloom Books,Paperback,412,2018,2018,2025/05/15,2024/08/02,fae,,read,,,,1,1
100149,"Kiss of the Basilisk (Spit or Swallow, #1)",Lindsay Straube,"Straube, Lindsay",,"=""""","=""""",0,3.96,Sourcebooks Casablanca,,528,2021,2020,,2024/10/20,,,read,,,,1,0
100150,"Between Two Kings (Spit or Swallow, #2)",Lindsay Straube,"Straube, Lindsay",Jane Cowriter,"=""1793597820""","=""9781793597827""",0,4.18,Bloomsbury Publishing,Kindle Edition,320,2022,2022,2025/02/26,2024/06/23,,,read,Absolutely devoured this. The tension!!,,,2,1
100151,"Binding 13 (Boys of Tommen, #1)",Chloe Walsh,"Walsh, Chloe",,"=""""","=""""",0,4.03,Entangled: Red Tower Books,Hardcover,448,2022,2022,,2024/12/15,,,read,,,,1,0
100152,"Keeping 13 (Boys of Tommen, #2)",Chloe Walsh,"Walsh, Chloe",,"=""""","=""""",0,4.35,,Hardcover,,2018,2018,2025/06/10,2024/07/14,"enemies-to-lovers, signed-copies, read",,read,,,,1,1
100153,Butcher and Blackbird,Brynne Weaver,"Weaver, Brynne",,"=""0151864492""","=""9780151864495""",0,3.57,Berkley,Hardcover,614,,,,2024/02/19,,,read,,,,1,0
100154,Leather and Lark,Brynne Weaver,"Weaver, Brynne",,"=""""","=""""",0,4.25,Bloomsbury Publishing,Hardcover,384,2022,2022,2025/11/23,2024/11/13,,,read,,,,1,1
100155,Scyth and Sparrow,Brynne Weaver,"Weaver, Brynne",,"=""""","=""""",0,4.38,,,614,2020,2020,,2024/09/13,,,to-read,,,,0,0
100156,"House of Beating Wings (The Kingdom of Crows, #1)",Olivia Wildenstein,"Wildenstein, Olivia",,"=""9168505423""","=""9789168505425""",0,4.01,Sourcebooks Casablanca,,412,2018,2018,2025/08/07,2024/04/05,dark-romance,,read,,,,1,1
100157,"House of Pounding Hearts (The Kingdom of Crows, #2)",Olivia Wildenstein,"Wildenstein, Olivia",,"=""""","=""""",0,3.80,Bloom Books,Mass Market Paperback,,2023,2022,,2024/09/02,,,read,,,,1,0
100158,"House of Striking Oaths (The Kingdom of Crows, #3)",Olivia Wildenstein,"Wildenstein, Olivia",,"=""""","=""""",0,4.40,Bloom Books,Mass Market Paperback,384,2019,2019,2025/03/20,2024/07/05,,,read,,,,1,1
100159,"All He'll Ever Be (Merciless, #1)",W Winters,"Winters, W",,"=""3706537947""","=""9783706537943""",0,4.56,Bloom Books,Audible Audio,412,,,,2024/09/08,,,read,,,,1,0
100160,Upon a Starlit Tide,Kell Woods,"Woods, Kell",,"=""""","=""""",0,4.03,Entangled: Red Tower Books,Kindle Edition,448,2022,2022,2025/04/12,2024/11/19,"dnf-maybe-later, fae, read",,read,,,borrowed from Kate — buy own copy,2,1
100161,"Fourth Wing (The Empyrean, #1)",Rebecca Yarros,"Yarros, Rebecca",,"=""1649374046""","=""9781649374049""",0,4.17,Bloom Books,Hardcover,412,2018,2017,,2024/03/28,,,read,,,,1,0
100162,"Iron Flame (The Empyrean, #2)",Rebecca Yarros,"Yarros, Rebecca",,"=""0818141247""","=""9780818141248""",0,3.51,Entangled: Red Tower Books,Audible Audio,,2021,2021,,2024/03/27,,,currently-reading,,,,0,1
100163,"Onyx Storm (The Empyrean, #3)",Rebecca Yarros,"Yarros, Rebecca",,"=""""","=""""",0,3.88,Berkley,Kindle Edition,448,2018,2018,,2024/06/01,,,to-read,,,,0,0
100164,Nocticadia,Keri Lake,"Lake, Keri",,"=""""","=""""",0,4.18,Bloom Books,Kindle Edition,320,2023,2023,2025/07/03,2024/06/08,fae,,read,,,,1,1
100165,The Works of Vermin,Hiron Ennes,"Ennes, Hiron",,"=""3047277901""","=""9783047277900""",5,4.06,,Mass Market Paperback,384,,,,2024/05/07,,,read,,,,1,0
100166,"Twisted Love (Twisted, #1)",Ana Huang,"Huang, Ana",,"=""""","=""""",4,3.76,Bloomsbury Publishing,Kindle Edition,412,2019,2019,2025/09/14,2024/02/25,,,read,,,,1,1
100167,"Twisted Games (Twisted, #2)",Ana Huang,"Huang, Ana",,"=""""","=""""",4,3.95,Bloomsbury Publishing,Audible Audio,,2022,2022,,2024/07/21,,,read,,,,1,0
100168,The Last Tale of the Flower Bride,Roshani Chokshi,"Chokshi, Roshani",,"=""9089324609""","=""9789089324605""",4,4.54,Sourcebooks Casablanca,Mass Market Paperback,412,2018,2018,2025/04/19,2024/07/06,"signed-copies, read",,read,,,,1,1
100169,"Twisted Hate (Twisted, #3)",Ana Huang,"Huang, Ana",,"=""""","=""""",4,4.45,Bloomsbury Publishing,,320,2021,2020,,2024/09/18,,,read,,,,1,0
100170,"Twisted Lies (Twisted, #4)",Ana Huang,"Huang, Ana",,"=""""","=""""",4,4.35,Berkley,Kindle Edition,320,2020,2020,2025/07/12,2024/05/24,,,read,,,,2,1
100171,The Lost Kings,Ashley Munoz,"Munoz, Ashley",,"=""0195205852""","=""9780195205857""",3,3.62,Entangled: Red Tower Books,Paperback,614,,,,2024/12/16,,,to-read,,,,0,0
100172,The Broken Queen,Ashley Munoz,"Munoz, Ashley",,"=""""","=""""",3,4.46,Berkley,Hardcover,,2019,2019,2025/12/25,2024/08/02,"hockey-romance, dark-romance",,read,,,,1,1
100173,"My Funny Demon Valentine (Hell Bent, #1)",Aurora Ascher,"Ascher, Aurora",,"=""""","=""""",4,3.70,Bloom Books,,528,2021,2020,,2024/09/13,,,read,,,,1,0
100174,"My Demon Hunter (Hell Bent, #2)",Aurora Ascher,"Ascher, Aurora",,"=""4450541566""","=""9784450541567""",4,3.84,Bloom Books,Mass Market Paperback,614,2021,2021,2025/07/11,2024/03/16,,,read,,,,1,1
100175,The Poet Empress,Shen Tao,"Tao, Shen",,"=""""","=""""",4,3.91,Avon,Mass Market Paperback,320,2023,2023,,2024/05/26,,,read,Absolutely devoured this. The tension!!,,,1,0
100176,"Done and Dusted (Rebel Blue Ranch, #1)",Iyla Sage,"Sage, Iyla",,"=""""","=""""",4,3.75,Avon,Mass Market Paperback,412,2023,2023,2025/03/18,2024/05/11,"dark-romance, read",,read,,,,1,1
100177,Willing Prey,Allie Oleander,"Oleander, Allie",,"=""7275705964""","=""9787275705960""",4,4.17,Berkley,Mass Market Paperback,,,,,2024/02/22,,,read,,,,1,0
100178,"Swift and Saddled (Rebel Blue Ranch, #2)",Iyla Sage,"Sage, Iyla",,"=""""","=""""",4,4.21,Avon,Paperback,384,2022,2022,2025/12/22,2024/03/01,,,read,,,,1,1
100179,"Lost and Lassoed (Rebel Blue Ranch, #3)",Iyla Sage,"Sage, Iyla",,"=""""","=""""",4,3.84,Avon,Mass Market Paperback,384,2023,2023,,2024/03/03,,,to-read,,,,0,0
100180,"Flock (The Ravenhood Series, #1)",Kate Stewart,"Stewart, Kate",Jane Cowriter,"=""0092755719""","=""9780092755712""",4,3.62,Sourcebooks Casablanca,Audible Audio,320,2023,2023,2025/09/12,2024/07/11,"hockey-romance, dark-romance",,read,,,,2,1
100181,"Exodus (The Ravenhood, #2)",Kate Stewart,"Stewart, Kate",,"=""""","=""""",3,4.24,Entangled: Red Tower Books,Mass Market Paperback,412,2020,2019,,2024/09/04,,,read,,,,1,0
100182,Wild and Wrangled,Iyla Sage,"Sage, Iyla",,"=""""","=""""",0,3.56,Bloomsbury Publishing,Audible Audio,,2018,2018,2025/05/23,2024/08/07,,,read,,,,1,1
100183,"The Finish Line (The Ravenhood, #3)",Kate Stewart,"Stewart, Kate",,"=""3715518844""","=""9783715518842""",4,4.17,Bloom Books,Hardcover,614,,,,2024/12/23,,,read,,,,1,0
100184,One Last Rainy Day,Kate Stewart,"Stewart, Kate",,"=""""","=""""",5,3.83,Sourcebooks Casablanca,Hardcover,448,2018,2018,2025/09/08,2024/02/07,"hockey-romance, read",,read,,,,1,1
100185,Mountain Boss,S.J. Tilly,"Tilly, S.J.",,"=""""","=""""",2,4.13,Bloomsbury Publishing,Paperback,528,2019,2018,,2024/08/26,,,read,,,,1,0
100186,Big Swiss,,,,"=""5678669125""","=""9785678669121""",0,4.45,Bloom Books,Mass Market Paperback,412,2019,2019,2025/08/15,2024/11/17,,,read,,,,1,1
100187,"War of Fire and Fury (Flame and Thorns, #5)",Marion Blackwood,"Blackwood, Marion",,"=""""","=""""",3,4.32,Entangled: Red Tower Books,Audible Audio,,2019,2019,,2024/11/19,,,to-read,,,,0,0
100188,The Deal,Elle Kennedy,"Kennedy, Elle",,"=""""","=""""",4,3.60,Berkley,,384,2020,2020,2025/09/28,2024/01/27,signed-copies,,read,,,,1,1
100189,The Mistake,Elle Kennedy,"Kennedy, Elle",,"=""0358414384""","=""9780358414382""",4,4.04,Sourcebooks Casablanca,,528,,,,2024/11/10,,,read,,,,1,0
100190,I Will Kill Your Imaginary Friend for $200,Robert Brockway,"Brockway, Robert",,"=""""","=""""",5,4.15,Sourcebooks Casablanca,Hardcover,384,2023,2023,2025/03/19,2024/10/05,,,read,,,,2,1
100191,"It Happened One Summer (Bellinger Series, #1)",Tessa Bailey,"Bailey, Tessa",,"=""""","=""""",3,3.45,,Mass Market Paperback,320,2018,2018,,2024/10/02,,,read,,,,1,0
100192,"Hook, Line, and Sinker (Bellinger Series, #1)",Tessa Bailey,"Bailey, Tessa",,"=""5396907844""","=""9785396907847""",3,3.47,Avon,Audible Audio,,2023,2023,2025/04/26,2024/11/13,"dnf-maybe-later, dark-romance, read",,read,,,,1,1
100193,In Her Own League,Liz Tomforde,"Tomforde, Liz",,"=""""","=""""",5,4.13,Berkley,,384,2020,2019,,2024/08/15,,,currently-reading,,,,0,0
100194,Birthday Girl,Penelope Douglas,"Douglas, Penelope",,"=""""","=""""",3,4.02,Bloomsbury Publishing,Hardcover,384,2020,2020,2025/06/24,2024/06/13,,,read,,,,1,1
100195,"Cash (Lucky River Ranch, #1)",Jessica Peterson,"Peterson, Jessica",,"=""4714732104""","=""9784714732106""",2,4.56,Entangled: Red Tower Books,Hardcover,384,,,,2024/10/14,,,to-read,,,,0,0
100196,Briar Club,Kate Quinn,"Quinn, Kate",,"=""""","=""""",3,4.00,Berkley,Audible Audio,528,2021,2021,2025/10/24,2024/06/07,dnf-maybe-later,,read,,,,1,1
100197,Of Ink and Alchemy,Sloane St. James,"James, Sloane St.",,"=""""","=""""",3,4.01,Entangled: Red Tower Books,Kindle Edition,,2021,2020,,2024/01/03,,,read,,,,1,0
100198,"Insatiable (The Edge of Darkness Trilogy, #1)",Leigh Rivers,"Rivers, Leigh",,"=""0950047974""","=""9780950047978""",4,4.27,Bloom Books,Audible Audio,384,2020,2020,2025/01/28,2024/02/14,,,read,,,,1,1
100199,"Voracious (The Edge of Darkness Trilogy, #2)",Leigh Rivers,"Rivers, Leigh",,"=""""","=""""",4,4.08,Entangled: Red Tower Books,Hardcover,448,2018,2018,,2024/06/02,,,read,,,,1,0
100200,"Restitution (The Edge of Darkness Trilogy, #3)",Leigh Rivers,"Rivers, Leigh",,"=""""","=""""",4,4.22,Bloomsbury Publishing,Kindle Edition,412,2022,2022,2025/09/10,2024/02/13,"favorites-shelf, signed-copies, read",,read,Absolutely devoured this. The tension!!,,borrowed from Kate — buy own copy,2,1
100201,"Fragile Sanctuary (Sparrow Falls, #1)",Catherine Cowles,"Cowles, Catherine",,"=""2655852398""","=""9782655852396""",2,3.45,,Hardcover,320,,,,2024/09/02,,,read,,,,1,0
100202,"Delicate Escape (Sparrow Falls, #2)",Catherine Cowles,"Cowles, Catherine",,"=""""","=""""",2,4.47,Entangled: Red Tower Books,Hardcover,,2022,2022,2025/08/17,2024/08/05,,,read,,,,1,1
100203,"Broken Harbor (Sparrow Falls, #3)",Catherine Cowles,"Cowles, Catherine",,"=""""","=""""",2,4.59,,Hardcover,384,2021,2021,,2024/10/11,,,to-read,,,,0,0
100204,"Chasing Shelter (Sparrow Falls, #4)",Catherine Cowles,"Cowles, Catherine",,"=""6888794705""","=""9786888794705""",2,3.43,Avon,Hardcover,614,2023,2023,2025/11/04,2024/07/19,"favorites-shelf, enemies-to-lovers",,read,,,,1,1
100205,"Secret Haven (Sparrow Falls, #5)",Catherine Cowles,"Cowles, Catherine",,"=""""","=""""",2,3.67,Bloomsbury Publishing,Mass Market Paperback,528,2022,2021,,2024/11/26,,,read,,,,1,0
100206,Just For The Cameras,Meghan Quinn,"Quinn, Meghan",,"=""""","=""""",3,4.33,Avon,Kindle Edition,614,2022,2022,2025/08/06,2024/09/21,,,read,,,,1,1
100207,Flames of Chaos,Amelia Hutchins,"Hutchins, Amelia",,"=""0309130756""","=""9780309130752""",2,3.64,Sourcebooks Casablanca,Mass Market Paperback,,,,,2024/07/23,,,read,,,,1,0
100208,"Wyatt (Lucky River Ranch, #2)",Jessica Peterson,"Peterson, Jessica",,"=""""","=""""",3,3.65,Berkley,,384,2022,2022,2025/08/28,2024/12/24,"enemies-to-lovers, read",,read,,,,1,1
100209,Fury Bound,Sable Sorensen,"Sorensen, Sable",,"=""""","=""""",3,4.55,Avon,Mass Market Paperback,448,2020,2019,,2024/08/17,,,read,,,,1,0
100210,"First -Time Caller (Heartstrings, #1)",B.K. Borison,"Borison, B.K.",Jane Cowriter,"=""6854973348""","=""9786854973344""",4,4.25,Berkley,Audible Audio,384,2023,2023,2025/04/10,2024/05/23,,,read,,,,2,1
100211,"Game on (Into Darkness, #3)",Navessa Allen,"Allen, Navessa",,"=""""","=""""",4,3.75,Sourcebooks Casablanca,,614,2020,2020,,2024/06/18,,,to-read,,,,0,0
100212,"Off to the Races (Gold Rush Ranch, #1)",Elsie Silver,"Silver, Elsie",,"=""""","=""""",4,3.45,,Paperback,,2020,2020,2025/09/13,2024/07/27,"favorites-shelf, hockey-romance",,read,,,,1,1
100213,"The Dark One (Vicious Lost Boys, #2)",Nikki St. Crowe,"Crowe, Nikki St.",,"=""6747338484""","=""9786747338482""",4,4.10,Entangled: Red Tower Books,Paperback,614,,,,2024/02/20,,,read,,,,1,0
100214,"Their Vicious Darling (Vicious Lost Boys, #3)",Nikki St. Crowe,"Crowe, Nikki St.",,"=""""","=""""",4,3.52,Berkley,,384,2018,2018,2025/11/17,2024/04/21,,,read,,,,1,1
100215,"The Fae Princes (Vicious Lost Boys, #4)",Nikki St. Crowe,"Crowe, Nikki St.",,"=""""","=""""",4,3.41,Sourcebooks Casablanca,Kindle Edition,614,2019,2019,,2024/08/04,,,read,,,,1,0
100216,My Dark Fairy Tale,Giana Darling,"Darling, Giana",,"=""0677345401""","=""9780677345409""",2,4.52,Bloomsbury Publishing,Audible Audio,448,2019,2019,2025/04/18,2024/12/24,"hockey-romance, read",,read,,,,1,1
100217,My Dark Ever After,Giana Darling,"Darling, Giana",,"=""""","=""""",2,4.55,Berkley,Paperback,,2023,2022,,2024/08/06,,,read,,,,1,0
100218,Broken Breath,Blake Black,"Black, Blake",,"=""""","=""""",2,3.74,,Mass Market Paperback,320,2020,2020,2025/01/10,2024/10/20,,,read,,,,1,1
100219,Twisted Trials,Blake Black,"Black, Blake",,"=""9728743152""","=""9789728743157""",2,3.62,,Hardcover,614,,,,2024/11/09,,,to-read,,,,0,0
100220,"Merry Christmas, You Filthy Animal",Meghan Quinn,"Quinn, Meghan",,"=""""","=""""",2,4.48,Bloom Books,Audible Audio,528,2023,2023,2025/05/19,2024/11/25,hockey-romance,,read,,,,2,1
100221,Live For Me,Brittany Ann,"Ann, Brittany",,"=""""","=""""",3,4.20,Entangled: Red Tower Books,Kindle Edition,320,2021,2020,,2024/09/11,,,read,,,,1,0
100222,Bad Bishop,L.J. Shen,"Shen, L.J.",,"=""8530463745""","=""9788530463744""",2,4.18,,Kindle Edition,,2020,2020,2025/10/24,2024/10/01,,,read,,,,1,1
100223,Crash,Kathy Lockheart,"Lockheart, Kathy",,"=""""","=""""",2,3.77,Avon,,320,2021,2021,,2024/01/22,,,read,,,,1,0
100224,Power,Kathy Lockheart,"Lockheart, Kathy",,"=""""","=""""",2,3.84,Entangled: Red Tower Books,Kindle Edition,614,2020,2020,,2024/09/23,"enemies-to-lovers, dark-romance, currently-reading",,currently-reading,,,,0,1
100225,Master of Salt & Bones,Keri Lake,"Lake, Keri",,"=""0272795687""","=""9780272795688""",0,4.31,,Mass Market Paperback,384,,,,2024/11/27,,,read,Absolutely devoured this. The tension!!,,,1,0
100226,Does it Hurt?,H.D. Carlton,"Carlton, H.D.",,"=""""","=""""",0,3.49,Sourcebooks Casablanca,Paperback,614,2020,2020,2025/02/17,2024/08/17,,,read,,,,1,1
100227,Athica Lane,Brynne Asher,"Asher, Brynne",,"=""""","=""""",2,4.48,Entangled: Red Tower Books,Mass Market Paperback,,2022,2022,,2024/01/27,,,to-read,,,,0,0
100228,Her Greatest Mistake,Hannah Cowan,"Cowan, Hannah",,"=""9225871397""","=""9789225871391""",0,4.08,Sourcebooks Casablanca,Audible Audio,448,2021,2021,2025/09/15,2024/01/15,signed-copies,,read,,,,1,1
100229,Zodiac Academy: The Awakening,Peckham; Valenti,"Valenti, Peckham;",,"=""""","=""""",0,3.43,Berkley,Paperback,412,2023,2022,,2024/11/26,,,read,,,,1,0
100230,Zodiac Academy: The Awakening as Told by the Boys,Peckham; Valenti,"Valenti, Peckham;",,"=""""","=""""",0,3.81,Bloomsbury Publishing,Mass Market Paperback,320,2021,2021,2025/12/07,2024/10/03,,,read,,,,2,1
100231,Zodiac Academy: Ruthless Fae,Peckham; Valenti,"Valenti, Peckham;",,"=""1170462265""","=""9781170462266""",0,3.85,,,448,,,,2024/08/28,,,read,,,,1,0
100232,Zodiac Academy: The Reckoning,Peckham; Valenti,"Valenti, Peckham;",,"=""""","=""""",0,3.87,Entangled: Red Tower Books,,,2022,2022,2025/09/05,2024/11/28,"dark-romance, hockey-romance, read",,read,,,,1,1
100233,Zodiac Academy: Shadow Princess,Peckham; Valenti,"Valenti, Peckham;",,"=""""","=""""",0,4.57,Avon,,320,2018,2017,,2024/04/27,,,read,,,,1,0
100234,Zodiac Academy: Cursed Fates,Peckham; Valenti,"Valenti, Peckham;",,"=""0868633752""","=""9780868633754""",0,4.14,Bloomsbury Publishing,Kindle Edition,614,2021,2021,2025/04/24,2024/02/02,,,read,,,,1,1
100235,Zodiac Academy: Fated Throne,Peckham; Valenti,"Valenti, Peckham;",,"=""""","=""""",0,3.44,Sourcebooks Casablanca,,320,2022,2022,,2024/04/03,,,to-read,,,,0,0
100236,Zodiac Academy: Heartless Sky,Peckham; Valenti,"Valenti, Peckham;",,"=""""","=""""",0,4.05,Bloom Books,Paperback,448,2019,2019,2025/12/28,2024/01/08,dnf-maybe-later,,read,,,,1,1
100237,Zodiac Academy: Sorrow and Starlight,Peckham; Valenti,"Valenti, Peckham;",,"=""3843959953""","=""9783843959954""",0,4.03,Avon,Hardcover,,,,,2024/03/22,,,read,,,,1,0
100238,Her Greatest Adventure,Hannah Cowan,"Cowan, Hannah",,"=""""","=""""",0,4.15,Avon,Mass Market Paperback,614,2019,2019,2025/05/02,2024/09/19,,,read,,,,1,1
100239,King of Greed,Ana Huang,"Huang, Ana",,"=""""","=""""",0,4.21,Bloom Books,Mass Market Paperback,412,2023,2023,,2024/08/02,,,read,,,,1,0
100240,"King of Sloth (Kings of Sin, #4)",Ana Huang,"Huang, Ana",Jane Cowriter,"=""6662462873""","=""9786662462873""",0,4.07,Entangled: Red Tower Books,Audible Audio,448,2021,2021,2025/05/28,2024/12/05,"dark-romance, signed-copies, read",,read,,,borrowed from Kate — buy own copy,2,1
100241,Eldritch,Keri Lake,"Lake, Keri",,"=""""","=""""",0,4.18,Avon,Hardcover,384,2020,2019,,2024/04/09,,,read,,,,1,0
100242,Detonate,Luna Mason,"Mason, Luna",,"=""""","=""""",0,3.46,Avon,,,2019,2019,2025/02/18,2024/12/27,,,read,,,,1,1
100243,Beneath the Stands,Emily McIntire,"McIntire, Emily",,"=""0990139837""","=""9780990139833""",0,3.65,Entangled: Red Tower Books,,320,,,,2024/06/10,,,to-read,,,,0,0
100244,Beneath the Hood,Emily McIntire,"McIntire, Emily",,"=""""","=""""",0,3.79,Berkley,Audible Audio,384,2022,2022,2025/02/24,2024/08/08,dnf-maybe-later,,read,,,,1,1
100245,Beneath the Surface,Emily McIntire,"McIntire, Emily",,"=""""","=""""",0,3.77,Berkley,Mass Market Paperback,614,2020,2019,,2024/08/18,,,read,,,,1,0
100246,There Are No Saints,Sophie Lark,"Lark, Sophie",,"=""8717535560""","=""9788717535569""",2,4.52,Sourcebooks Casablanca,,412,2022,2022,2025/04/24,2024/03/01,,,read,,,,1,1
100247,There Is No Devil,Sophie Lark,"Lark, Sophie",,"=""""","=""""",2,3.64,Entangled: Red Tower Books,Audible Audio,,2019,2019,,2024/07/10,,,read,,,,1,0
100248,The Hook Up,Kristen Callihan,"Callihan, Kristen",,"=""""","=""""",0,4.29,Avon,Kindle Edition,614,2023,2023,2025/10/27,2024/04/16,"fae, dnf-maybe-later, read",,read,,,,1,1
100249,The Friend Zone,Kristen Callihan,"Callihan, Kristen",,"=""6228728080""","=""9786228728081""",0,3.89,Bloom Books,,320,,,,2024/11/02,,,read,,,,1,0
100250,The Game Plan,Kristen Callihan,"Callihan, Kristen",,"=""""","=""""",0,4.01,Berkley,Paperback,320,2019,2019,2025/04/03,2024/12/05,,,read,Absolutely devoured this. The tension!!,,,2,1
100251,The Hot Shot,Kristen Callihan,"Callihan, Kristen",,"=""""","=""""",0,4.50,,Audible Audio,614,2022,2022,,2024/10/21,,,to-read,,,,0,0
100252,Crave,Tracy Wolff,"Wolff, Tracy",,"=""0008860084""","=""9780008860088""",0,4.50,Sourcebooks Casablanca,Kindle Edition,,2018,2018,2025/05/01,2024/09/27,"favorites-shelf, hockey-romance",,read,,,,1,1
100253,Not Your Pucking Girl,Sheridan Anne,"Anne, Sheridan",,"=""""","=""""",0,3.70,Berkley,Hardcover,528,2022,2021,,2024/04/07,,,read,,,,1,0
100254,Offside,Avery Keelan,"Keelan, Avery",,"=""""","=""""",0,3.69,,Kindle Edition,448,2022,2022,2025/07/03,2024/06/13,,,read,,,,1,1
100255,Gleam,Raven Kennedy,"Kennedy, Raven",,"=""5101666870""","=""9785101666870""",0,4.00,Avon,,320,,,,2024/12/06,,,currently-reading,,,,0,0
100256,Glow,Raven Kennedy,"Kennedy, Raven",,"=""""","=""""",0,4.47,Avon,Hardcover,384,2023,2023,2025/06/19,2024/02/17,"hockey-romance, read",,read,,,,1,1
100257,The Devils and the Dutchess,Marissa Farrar,"Farrar, Marissa",,"=""""","=""""",3,4.51,Sourcebooks Casablanca,Mass Market Paperback,,2023,2022,,2024/01/03,,,read,,,,1,0
100258,The Devils and their Doll,Marissa Farrar,"Farrar, Marissa",,"=""1250392614""","=""9781250392612""",3,4.48,Berkley,Audible Audio,448,2023,2023,2025/10/08,2024/10/27,,,read,,,,1,1
100259,The Devils' Darling,Marissa Farrar,"Farrar, Marissa",,"=""""","=""""",3,3.49,,Hardcover,614,2023,2023,,2024/12/05,,,to-read,,,,0,0
100260,Mafia and Scars,Isa Oliver,"Oliver, Isa",,"=""""","=""""",3,4.55,Avon,Hardcover,528,2022,2022,2025/01/04,2024/07/08,fae,,read,,,,2,1
100261,Kiss to Conquer,Anna B. Doe,"Doe, Anna B.",,"=""0047735866""","=""9780047735862""",3,3.86,Bloom Books,Mass Market Paperback,614,,,,2024/11/19,,,read,,,,1,0
100262,Kiss to Forgeet,Anna B. Doe,"Doe, Anna B.",,"=""""","=""""",3,3.50,Entangled: Red Tower Books,Audible Audio,,2018,2018,2025/05/26,2024/04/23,,,read,,,,1,1
100263,Beautiful Graves,L.J. Shen,"Shen, L.J.",,"=""""","=""""",2,4.29,Berkley,Hardcover,614,2019,2019,,2024/12/26,,,read,,,,1,0
100264,Improbable Meet-Cute Second Chances,multiple authors,"authors, multiple",,"=""2104754121""","=""9782104754122""",3,4.07,Sourcebooks Casablanca,Mass Market Paperback,320,2020,2020,2025/07/15,2024/09/18,"dark-romance, favorites-shelf, read",,read,,,,1,1
100265,Chasing the Wild,Elliott Rose,"Rose, Elliott",,"=""""","=""""",2,3.75,Avon,Paperback,448,2018,2017,,2024/06/28,,,read,,,,1,0
100266,Where I Belong,J. Daniels,"Daniels, J.",,"=""""","=""""",2,4.22,Entangled: Red Tower Books,Kindle Edition,528,2019,2019,2025/12/18,2024/04/19,,,read,,,,1,1
100267,All I Want,J. Daniels,"Daniels, J.",,"=""5447212646""","=""9785447212644""",2,3.49,Berkley,Kindle Edition,,,,,2024/08/26,,,to-read,,,,0,0
100268,The Penalty,D.C. Kile,"Kile, D.C.",,"=""""","=""""",2,3.77,Avon,Hardcover,320,2019,2019,2025/12/21,2024/08/20,dnf-maybe-later,,read,,,,1,1
100269,The Score,Elle Kennedy,"Kennedy, Elle",,"=""""","=""""",4,3.80,Bloom Books,,412,2021,2020,,2024/10/13,,,read,,,,1,0
100270,The Goal,Elle Kennedy,"Kennedy, Elle",Jane Cowriter,"=""0924593752""","=""9780924593756""",3,4.56,Bloom Books,Kindle Edition,614,2021,2021,2025/06/10,2024/12/23,,,read,,,,2,1
100271,The Legacy,Elle Kennedy,"Kennedy, Elle",,"=""""","=""""",4,3.84,Sourcebooks Casablanca,Kindle Edition,412,2021,2021,,2024/06/13,,,read,,,,1,0
100272,Endgame,Willa Gray,"Gray, Willa",,"=""""","=""""",3,4.53,Entangled: Red Tower Books,Audible Audio,,2021,2021,2025/10/18,2024/03/22,"enemies-to-lovers, read",,read,,,,1,1
100273,Mountain Daddy,S.J. Tilly,"Tilly, S.J.",,"=""5167243426""","=""9785167243426""",2,3.98,Avon,Mass Market Paperback,528,,,,2024/02/15,,,read,,,,1,0
100274,The Hidden Falling,Kelly Cove,"Cove, Kelly",,"=""""","=""""",2,4.35,Berkley,,528,2018,2018,2025/09/28,2024/12/14,,,read,,,,1,1
100275,The Dark Rising,Kelly Cove,"Cove, Kelly",,"=""""","=""""",3,3.53,Entangled: Red Tower Books,,614,2018,2018,,2024/09/20,,,to-read,Absolutely devoured this. The tension!!,,,0,0
100276,Camera Shy,Kay Cove,"Cove, Kay",,"=""6290965610""","=""9786290965611""",3,3.96,,Mass Market Paperback,412,2021,2021,2025/05/08,2024/09/24,dnf-maybe-later,,read,,,,1,1
100277,Snapshot,Kay Cove,"Cove, Kay",,"=""""","=""""",3,3.81,Bloomsbury Publishing,Audible Audio,,2019,2018,,2024/12/17,,,read,,,,1,0
100278,Vanguard,Karina Halle,"Halle, Karina",,"=""""","=""""",0,3.57,Berkley,Hardcover,320,2023,2023,2025/02/10,2024/07/03,,,read,,,,1,1
100279,The Wrong Quarterback,C.R. Jane,"Jane, C.R.",,"=""0738757177""","=""9780738757175""",2,4.37,Bloomsbury Publishing,Paperback,320,,,,2024/02/10,,,read,,,,1,0
100280,The Wrong Play,C.R. Jane,"Jane, C.R.",,"=""""","=""""",3,3.61,Entangled: Red Tower Books,Hardcover,384,2022,2022,2025/06/21,2024/02/22,"enemies-to-lovers, read",,read,,,borrowed from Kate — buy own copy,2,1
100281,Face Off,Chelsea Curto,"Curto, Chelsea",,"=""""","=""""",4,4.36,,Kindle Edition,448,2019,2018,,2024/09/14,,,read,,,,1,0
100282,"Bulletproof (Dark Forces, #4)",K.M. Moronova,"Moronova, K.M.",,"=""3660937966""","=""9783660937960""",3,4.37,Bloomsbury Publishing,Mass Market Paperback,,2023,2023,2025/12/07,2024/04/09,,,read,,,,1,1
100283,Shutout,Avery Keelan,"Keelan, Avery",,"=""""","=""""",4,3.84,Entangled: Red Tower Books,Audible Audio,528,2019,2019,,2024/02/26,,,to-read,,,,0,0
100284,A Broken Promise,Tetyana Walker,"Walker, Tetyana",,"=""""","=""""",4,3.87,Avon,Mass Market Paperback,412,2022,2022,2025/02/09,2024/11/28,"signed-copies, enemies-to-lovers",,read,,,,1,1
100285,A Simple Truth,Tetyana Walker,"Walker, Tetyana",,"=""2557924991""","=""9782557924992""",4,3.77,Entangled: Red Tower Books,Hardcover,384,,,,2024/06/04,,,read,,,,1,0
100286,A Rising Hope,Tetyana Walker,"Walker, Tetyana",,"=""""","=""""",4,3.90,Entangled: Red Tower Books,Mass Market Paperback,528,2021,2021,,2024/12/05,,,currently-reading,,,,0,1
100287,A Photo Finish,Elsie Silver,"Silver, Elsie",,"=""""","=""""",4,3.98,Sourcebooks Casablanca,,,2019,2019,,2024/07/14,,,read,,,,1,0
100288,The Front Runner,Elsie Silver,"Silver, Elsie",,"=""0282742257""","=""9780282742259""",4,4.01,Avon,Audible Audio,448,2022,2022,2025/01/28,2024/06/01,"hockey-romance, favorites-shelf, read",,read,,,,1,1
100289,The False Start,Elsie Silver,"Silver, Elsie",,"=""""","=""""",4,4.41,Avon,Kindle Edition,448,2023,2022,,2024/11/16,,,read,,,,1,0
